{"BGM":true,"SFX":true,"BGMLevel":0.5900000000000001,"SFXLevel":0.8099999999999999,"HighScore":290}