{"BGM":true,"SFX":true,"BGMLevel":0.5999990000000001,"SFXLevel":0.5999990000000001,"HighScore":930,"Controls":"Keyboard"}