{"BGM":true,"SFX":true,"BGMLevel":0.5999990000000001,"SFXLevel":0.699999,"HighScore":1550,"Controls":"Keyboard"}