{"BGM":true,"SFX":true,"BGMLevel":0.6900000000000001,"SFXLevel":0.6900000000000001,"HighScore":1090}