{"BGM":true,"SFX":true,"BGMLevel":0.29000000000000015,"SFXLevel":0.699999,"HighScore":1890,"Controls":"Touch"}